Top queries,Clicks,Impressions,CTR,Position
alphabet signs,222,2363,9.39%,2.36
marquee sign,107,16812,0.64%,4.02
mailbox numbers,53,20498,0.26%,8.03
sandwich board signs,50,11994,0.42%,8.2
marquee letters,43,8958,0.48%,10.67
sign letters,32,7015,0.46%,9.45
marquee signs,30,2517,1.19%,6.73
marquee sign letters,30,1181,2.54%,5.46
alphabetsigns,29,160,18.12%,1.91
brass letters,26,1322,1.97%,7.38
boat name decals,23,2251,1.02%,9.29
semi truck decals,23,804,2.86%,4.77
letter board,22,28568,0.08%,8.17
marquee sign board,22,1710,1.29%,4.64
reflective mailbox numbers,21,1893,1.11%,4.99
outdoor bulletin board,19,2469,0.77%,5.73
outdoor marquee signs,18,794,2.27%,4.83
alphabet signs inc,18,68,26.47%,1
letter sign,17,3418,0.5%,6.08
outdoor changeable letter sign boards,17,242,7.02%,4.48
boat registration numbers by state,17,100,17%,1.4
pvc letters,16,1415,1.13%,5.55
commercial truck decals,16,795,2.01%,5.39
marquee letters for sale,15,1837,0.82%,10.66
letter board sign,14,8332,0.17%,6.34
letter board letters,14,1438,0.97%,5.12
boat letters,14,1212,1.16%,10.47
plastic letters for outdoor signs,14,590,2.37%,7.66
dot number stickers,14,431,3.25%,3.72
semi truck decals near me,14,221,6.33%,5.93
marquee sign for sale,14,201,6.97%,3.11
truck door decals,13,1095,1.19%,9.63
alphabet signs promo code,13,113,11.5%,2.04
boat registration letters by state,13,102,12.75%,1.87
acrylic letters,12,3572,0.34%,9.8
boat number stickers,12,1223,0.98%,9.37
used marquee sign for sale,12,119,10.08%,2.5
wagner zip change,12,104,11.54%,3.48
plastic letters,11,1970,0.56%,11.93
plastic letters for signs,11,1155,0.95%,9.26
large plastic letters for outdoor signs,11,328,3.35%,5.2
portable signs,10,1186,0.84%,12.64
building numbers,10,802,1.25%,2.85
dot stickers for trucks,10,572,1.75%,4.57
semi truck door decals,10,304,3.29%,4.41
marquee signs for sale,10,253,3.95%,6.45
felt letter board,9,8282,0.11%,6.93
letter boards,9,5217,0.17%,7.49
bronze plaques,9,2113,0.43%,12.14
mailbox letters and numbers,9,1512,0.6%,4.95
large vinyl letters,9,617,1.46%,4.68
custom marquee sign,9,513,1.75%,7.97
dot decals,9,428,2.1%,5.62
peg letter board,9,418,2.15%,7.85
pepsi menu board,9,235,3.83%,4.27
changeable letter signs for business,9,181,4.97%,5.54
roadside marquee sign,9,104,8.65%,2.9
marquee letter organizer,9,84,10.71%,1.71
custom parking signs,8,4025,0.2%,13.55
aluminum letters,8,1077,0.74%,4.83
bronze plaque,8,1003,0.8%,9.46
roofing yard signs,8,681,1.17%,2.67
boat numbers and letters,8,584,1.37%,9.99
plastic sign letters,8,502,1.59%,8.01
waterproof outdoor bulletin board,8,486,1.65%,5.19
custom decals for semi trucks,8,169,4.73%,3.59
dot number decals,8,159,5.03%,4.55
wagner zip change letters,8,108,7.41%,8.34
cast metal sign letters,8,73,10.96%,5.33
boat lettering,7,1776,0.39%,12.39
acrylic letters for signs,7,1316,0.53%,15.29
marquis sign,7,1312,0.53%,3.19
custom truck decals,7,1275,0.55%,11.61
letter sign board,7,1197,0.58%,9.04
boat name stickers,7,1106,0.63%,7.99
outdoor message board,7,885,0.79%,8.44
truck decals,7,833,0.84%,18.69
letters for letter board,7,763,0.92%,4.13
farm stand signs,7,740,0.95%,4.8
marquee signage,7,614,1.14%,4.69
portable marquee signs,7,404,1.73%,8.73
reader board letters,7,333,2.1%,6.8
usdot stickers,7,270,2.59%,4.27
outdoor marquee sign,7,232,3.02%,4.97
changeable letters for outdoor signs,7,213,3.29%,8.74
church sign letters,7,209,3.35%,8.06
double sided window clings,7,184,3.8%,7.23
business marquee sign,7,166,4.22%,3.03
portable signs on wheels,7,155,4.52%,5.14
gas station price sign numbers,7,124,5.65%,3.69
school marquee sign cost,7,101,6.93%,2.46
semi door decals,7,96,7.29%,2.85
large marquee sign,7,93,7.53%,3.49
semi truck decal designs,7,82,8.54%,2.9
custom sidewalk stencils,7,59,11.86%,3.05
mailbox letters,6,3151,0.19%,7.35
letter signs,6,3002,0.2%,7.27
bronze memorial plaques,6,1704,0.35%,7.96
metal plaques,6,1274,0.47%,5.49
mugshot sign,6,1254,0.48%,4.8
marque sign,6,1130,0.53%,3.15
letters for signs,6,1075,0.56%,8.61
large letter stickers,6,897,0.67%,9.71
letter signs for business,6,772,0.78%,11.17
reflective numbers,6,708,0.85%,4.89
boat numbers stickers,6,450,1.33%,8.42
truck number decals,6,432,1.39%,2.79
usdot decals,6,340,1.76%,7.9
pin mounted letters,6,329,1.82%,1.25
changeable sign letters,6,327,1.83%,11.79
portable outdoor signs for businesses,6,204,2.94%,5.45
double sided window decals,6,191,3.14%,3.18
semi truck decal,6,183,3.28%,3.55
theater marquee letters,6,126,4.76%,6.65
zip change letters,6,111,5.41%,12.16
commercial address numbers,6,106,5.66%,2.88
us dot decals,6,95,6.32%,4.47
gas price sign numbers,6,88,6.82%,2.3
magic master signs,6,83,7.23%,3.75
outdoor message board with letters,6,83,7.23%,5.83
portable signs for sale,6,80,7.5%,6.34
mailbox numbers stickers,5,1565,0.32%,9.41
outdoor sign letters,5,1537,0.33%,12.74
sandwich boards signs,5,956,0.52%,8.12
felt board letters,5,927,0.54%,7.85
custom metal plaque,5,915,0.55%,9.91
truck signs,5,782,0.64%,8.69
truck decals for business,5,752,0.66%,7.81
small letter stencils,5,556,0.9%,6.28
boat registration stickers,5,525,0.95%,11.92
outdoor message center,5,505,0.99%,8.59
outdoor enclosed bulletin board,5,437,1.14%,7.06
letter board letters only,5,435,1.15%,3.56
large letter board,5,426,1.17%,11.28
changeable menu boards,5,422,1.18%,12
weatherproof bulletin board,5,376,1.33%,5.38
menu board letters,5,365,1.37%,7.59
letters for sign board,5,354,1.41%,5.78
mailbox numbers reflective,5,342,1.46%,4.77
us dot stickers,5,269,1.86%,6.68
pvc sign letters,5,253,1.98%,3.61
sign board with letters,5,241,2.07%,4.28
building address numbers,5,238,2.1%,6.39
custom pavement stencils,5,220,2.27%,7.04
felt letter board letters,5,204,2.45%,4.55
3 inch letters for outdoor signs,5,195,2.56%,2.32
outdoor church signs with changeable letters,5,189,2.65%,5.84
metal plaques for outdoors,5,169,2.96%,8.05
boat lettering design,5,134,3.73%,11.51
arrow marquee sign,5,127,3.94%,5.95
outdoor metal plaque,5,126,3.97%,4.97
usdot stickers for trucks,5,124,4.03%,3.73
number decals for trucks,5,121,4.13%,3.64
ghost reflective vinyl graphics,5,105,4.76%,6.11
gvw stickers,5,103,4.85%,7.17
letters for church signs,5,95,5.26%,6.32
portable roadside signs,5,83,6.02%,2.64
reflective vinyl printing,5,83,6.02%,10.55
ghost reflective vinyl,5,79,6.33%,4.89
address numbers for commercial building,5,77,6.49%,2.81
outdoor marquee signs for sale,5,73,6.85%,3.92
manual gas price sign,5,70,7.14%,3.66
commercial building address numbers,5,69,7.25%,2.29
rigid sign letter track,5,67,7.46%,1.6
zip letters,5,66,7.58%,2.17
wall letters for business,5,55,9.09%,3.47
aluminum letters for buildings,5,54,9.26%,2.26
marquee numbers and letters,5,42,11.9%,9.24
mailbox number stickers,4,6937,0.06%,7.24
letterboard,4,3561,0.11%,8.17
sandwich boards,4,2831,0.14%,12.45
sidewalk sign,4,2499,0.16%,9.11
numbers for mailbox,4,2201,0.18%,6.98
sidewalk signs,4,1999,0.2%,12.86
boat registration numbers,4,1721,0.23%,15.27
stencil letters,4,1457,0.27%,13.36
mail box numbers,4,1345,0.3%,7.45
letterboard letters,4,1161,0.34%,9.27
alphabet sign,4,1074,0.37%,5.29
changeable letter board,4,1073,0.37%,10.38
house number stickers,4,978,0.41%,5.26
sign letter,4,630,0.63%,9.43
lane ending sign,4,628,0.64%,1.04
sandwich board signs outdoor,4,591,0.68%,6.03
marquee letter,4,587,0.68%,12.12
outdoor letters,4,577,0.69%,10.7
letters for signage,4,576,0.69%,18.53
acrylic sign letters,4,516,0.78%,23.16
signage letters,4,485,0.82%,17.36
sign board letters,4,453,0.88%,7.17
custom metal letters,4,439,0.91%,10.33
metal letters for wall,4,408,0.98%,11.85
how's my driving sticker,4,395,1.01%,3.04
6 inch letter stencils,4,335,1.19%,5.02
cast aluminum plaques,4,329,1.22%,7.47
reflective letter stickers,4,310,1.29%,9.57
plastic marquee letters,4,309,1.29%,4.87
pin letters,4,305,1.31%,1.35
semi truck lettering,4,285,1.4%,4.16
outdoor kiosk for parks,4,279,1.43%,10.61
outdoor letter signs,4,258,1.55%,12.6
door decals for trucks,4,257,1.56%,8.19
building letter signs,4,241,1.66%,4.35
vinyl numbers for mailbox,4,233,1.72%,7.7
exterior letters for buildings,4,227,1.76%,10.47
semi decals,4,220,1.82%,3.89
custom mylar stencils,4,215,1.86%,7.08
letters and numbers for mailbox,4,208,1.92%,4.24
marquee for sale,4,207,1.93%,7.98
pvc letters for signs,4,201,1.99%,8.07
large plastic letters,4,195,2.05%,7.49
mailbox letters and numbers stickers,4,183,2.19%,5.26
reflective letters and numbers,4,173,2.31%,12.77
dot signs for trucks,4,170,2.35%,9.62
billboard letters,4,166,2.41%,4.14
outdoor metal letters for wall,4,160,2.5%,10.62
us dot number stickers,4,159,2.52%,3.75
truck height stickers,4,157,2.55%,3.41
what are the numbers on the side of a boat,4,154,2.6%,4.68
usdot sticker,4,148,2.7%,5.94
mailbox number decals,4,142,2.82%,7.66
custom aluminum plaques,4,136,2.94%,5.2
outdoor sign letter tracks,4,135,2.96%,3.53
usdot number stickers,4,123,3.25%,3.24
truck number stickers,4,115,3.48%,3.98
reflective vinyl lettering,4,114,3.51%,5
marquee sign letter track,4,106,3.77%,2.53
commercial building numbers,4,89,4.49%,1.96
12 inch vinyl letters,4,86,4.65%,5.51
letters for outdoor sign boards,4,77,5.19%,7.56
aluminum lettering,4,72,5.56%,7.38
marquee sign with lights,4,57,7.02%,3.95
marine grade vinyl stickers,4,54,7.41%,4.11
marquee letter dimensions,4,49,8.16%,5.14
felt message board with letters,4,26,15.38%,6.04
letter board replacement panels,4,23,17.39%,1.22
custom how's my driving sticker,4,11,36.36%,1.18
lobby signs,3,8746,0.03%,11.01
vinyl lettering,3,3040,0.1%,24.74
gas price sign,3,1967,0.15%,12.28
metal letters,3,1838,0.16%,18.78
metal plaque,3,1790,0.17%,8.24
metal letters for signs,3,1732,0.17%,11.09
price board,3,1357,0.22%,3.39
outdoor bulletin boards,3,1017,0.29%,7.02
metal letters for outdoor signs,3,927,0.32%,11.7
reflective numbers for mailbox,3,865,0.35%,5.39
windmaster sign,3,855,0.35%,9.04
custom rear window graphics,3,807,0.37%,9.08
hows my driving sticker,3,753,0.4%,4
portable sign,3,733,0.41%,8.02
a frame signs outdoor,3,733,0.41%,9.68
changeable letter signs,3,681,0.44%,7.57
reflective letters,3,627,0.48%,7.08
outdoor message boards,3,612,0.49%,7.91
van lettering,3,605,0.5%,9.64
custom sign letters,3,604,0.5%,9.31
sign with changeable letters,3,587,0.51%,6.79
memorial day signs,3,565,0.53%,10.35
vinyl boat lettering,3,548,0.55%,11.92
reader board signs,3,521,0.58%,10.77
building letters,3,507,0.59%,13.95
boat numbers,3,502,0.6%,16.67
sign lettering,3,493,0.61%,11.67
metal letter,3,481,0.62%,4.82
custom mailbox numbers,3,464,0.65%,8.52
authorized vehicles only sign,3,434,0.69%,7.55
double sided window stickers,3,419,0.72%,5.09
felt board with letters,3,418,0.72%,5.24
marquee signs for businesses,3,405,0.74%,4.17
metal lettering signs,3,380,0.79%,17.17
outdoor metal letters,3,348,0.86%,9.39
dot magnets,3,345,0.87%,9.34
aluminum sign letters,3,342,0.88%,7.96
truck signage,3,337,0.89%,9.25
light up marquee sign,3,330,0.91%,3.83
church marquee,3,328,0.91%,2.46
produce signs,3,322,0.93%,3.22
signs letters,3,320,0.94%,8.32
dot decals for trucks,3,315,0.95%,6.18
aluminum plaques,3,305,0.98%,6
semi truck signs,3,298,1.01%,6.83
boat registration decals,3,291,1.03%,19.46
truck business decals,3,288,1.04%,7.62
12 inch letter stencils,3,284,1.06%,7.31
coca cola menu board,3,281,1.07%,5.27
menu letter board,3,281,1.07%,10.47
reflective letters for signs,3,280,1.07%,7.24
semi truck stickers,3,268,1.12%,4.32
marquis signs,3,249,1.2%,3.35
mobile sign,3,248,1.21%,2.62
building number signs,3,247,1.21%,7.08
portable outdoor signs,3,244,1.23%,5.5
vinyl lettering for trucks,3,244,1.23%,14.49
decals for semi trucks,3,241,1.24%,6.45
truck numbers,3,227,1.32%,6.04
jim weinel,3,224,1.34%,3.68
dot stickers for trucks near me,3,208,1.44%,8.38
building plaques,3,204,1.47%,6.5
trucking decals,3,189,1.59%,3.94
custom boat registration numbers,3,187,1.6%,8.9
felt menu board,3,185,1.62%,5.16
marquee letter board,3,185,1.62%,7.12
3 inch number stencils,3,184,1.63%,5.64
mailbox lettering and numbers,3,181,1.66%,5.14
self adhesive mailbox numbers,3,175,1.71%,4.74
outdoor letter signs for business,3,165,1.82%,10.71
portable marquee sign,3,164,1.83%,2.92
truck door stickers,3,164,1.83%,3.86
formed plastic letters,3,162,1.85%,6.39
tailgate decals for trucks,3,162,1.85%,8.98
large felt letter board,3,162,1.85%,9.49
vintage coca cola menu board,3,154,1.95%,8.05
vinyl address numbers,3,152,1.97%,4.78
reflective numbers stickers,3,151,1.99%,6.95
2 inch metal letters,3,138,2.17%,4.91
portable roadside sign,3,137,2.19%,3.26
company stickers for trucks,3,136,2.21%,9.46
dot numbers stickers,3,134,2.24%,3.56
truck dot stickers,3,128,2.34%,4.03
10 inch letters,3,125,2.4%,3.4
marquee arrow sign,3,124,2.42%,4.59
brass sign letters,3,124,2.42%,10.67
double sided stickers for glass,3,123,2.44%,7.04
portable sign letters,3,123,2.44%,8.88
usdot decal,3,122,2.46%,7.66
acrylic letter signs,3,119,2.52%,11.36
mugshot sign board,3,116,2.59%,3.89
3 inch metal letters,3,114,2.63%,2.82
vinyl boat name decals,3,103,2.91%,11.52
alphabet sign letters,3,101,2.97%,4.25
boat registration numbers stickers,3,100,3%,9.04
gas price sign for sale,3,99,3.03%,10.25
helvetica bold italic,3,98,3.06%,8.9
dot truck decals,3,97,3.09%,4.24
brass letters for wall,3,97,3.09%,5.87
weatherproof sandwich board signs,3,97,3.09%,6.03
signboard letters,3,93,3.23%,6.17
truck decal for business,3,92,3.26%,7.38
12 inch metal letters,3,89,3.37%,3.16
large vinyl lettering,3,89,3.37%,5.11
stickers for semi trucks,3,88,3.41%,6.61
box truck height stickers,3,86,3.49%,4.98
r6-1l,3,84,3.57%,3.08
sandwich board letters,3,84,3.57%,4.5
letter tracks,3,84,3.57%,4.57
yes,3,84,3.57%,11.31
marquee signs near me,3,82,3.66%,7.98
cork board mounting hardware,3,81,3.7%,1.78
letter marquee sign,3,79,3.8%,4.57
aluminum letters for wall,3,77,3.9%,4.1
3m reflective numbers,3,72,4.17%,4.14
dot number sticker,3,71,4.23%,3.49
marquee letter storage box,3,68,4.41%,1.22
building address signage,3,65,4.62%,1.29
marquee sign with letters,3,63,4.76%,4.79
1 inch brass letters,3,62,4.84%,1.56
5 inch letters for outdoor signs,3,58,5.17%,2.4
10 inch vinyl letters,3,56,5.36%,4.48
9 inch marquee letters,3,52,5.77%,3.15
customer parking stencil,3,49,6.12%,7.78
letters for outdoor church signs,3,42,7.14%,2.48
semi truck decal stickers,3,41,7.32%,4.73
double sided decals,3,39,7.69%,5.05
usdot number decal,3,32,9.38%,2.41
decal for semi truck,3,31,9.68%,4.03
pin mounted letters detail,3,19,15.79%,4.42
sign with letters,2,4730,0.04%,2.54
plastic lettering,2,4131,0.05%,6.65
narrow bridge sign,2,3415,0.06%,2.58
no dumping signs,2,3303,0.06%,10.59
vinyl letters,2,1540,0.13%,19.19
end school zone sign,2,1321,0.15%,2.63
vinyl numbers,2,1232,0.16%,9.84
custom vinyl lettering,2,1194,0.17%,29.42
a frame chalkboard sign,2,1129,0.18%,6.6
letter board signs,2,1066,0.19%,18.33
gemini sign products,2,854,0.23%,6.86
sandwich sign,2,852,0.23%,10.16
message board sign,2,753,0.27%,4.89
custom rear window decals,2,745,0.27%,5.73
metal memorial plaques,2,691,0.29%,6.59
lane reduction sign,2,673,0.3%,1.21
outdoor letters for signs,2,620,0.32%,15.78
church marquee signs,2,578,0.35%,4.2
custom outdoor plaques,2,526,0.38%,11.3
vinyl letters for outdoor signs,2,522,0.38%,14.8
letter signage,2,520,0.38%,8.67
boat letters and numbers,2,515,0.39%,9.83
letterboard signs,2,501,0.4%,6.97
employee of the week,2,496,0.4%,2.5
boat stickers,2,494,0.4%,25.93
mug shot sign,2,486,0.41%,5.33
bridge sign,2,469,0.43%,1.75
bronze signs,2,467,0.43%,9.51
custom acrylic letters,2,440,0.45%,12.7
minnesota letters,2,435,0.46%,3.3
acrylic letters for outdoor signs,2,430,0.47%,12.17
w4-2r sign,2,420,0.48%,4.45
roadside sign,2,407,0.49%,2.15
mailbox numbers and letters,2,395,0.51%,7.06
sign marquee,2,391,0.51%,4.04
acrylic letters for wall,2,382,0.52%,9.36
gemini signs,2,377,0.53%,11.64
building sign letters,2,375,0.53%,8.82
outdoor letter board,2,375,0.53%,11.99
gas price signs,2,374,0.53%,9.19
4 in letters,2,370,0.54%,7.63
vinyl mailbox numbers,2,368,0.54%,10.36
marque letters,2,357,0.56%,9.61
arrow stencil,2,354,0.56%,9.03
3 inch letter stencils,2,339,0.59%,3.92
outdoor letters for buildings,2,322,0.62%,14.27
custom letter signs,2,315,0.63%,8.93
roofing yard sign,2,308,0.65%,2.37
illuminated letter signage,2,290,0.69%,6.09
911 address signs,2,289,0.69%,27.17
outdoor portable signs,2,288,0.69%,2.56
custom boat name decals,2,288,0.69%,11.39
3 inch vinyl letters and numbers,2,278,0.72%,4.32
marquee letter signs,2,274,0.73%,8.23
cast metal letters,2,274,0.73%,17.11
2 inch letter stencils,2,272,0.74%,4.99
cast aluminum letters,2,268,0.75%,9.87
truck signs decals,2,266,0.75%,11.98
outdoor letter boards,2,266,0.75%,14.28
windmaster signs,2,264,0.76%,8.13
pin mounted signage,2,256,0.78%,3.81
mobile signs,2,246,0.81%,5.07
now leasing banners,2,244,0.82%,5.04
felt message board,2,237,0.84%,6.7
letters signage,2,235,0.85%,4.44
firewood signs,2,233,0.86%,3.42
menu board with letters,2,233,0.86%,8.15
custom letter board,2,231,0.87%,5.56
a frame boards,2,231,0.87%,6
no parking signs,2,231,0.87%,46.94
10 inch letter stencils,2,230,0.87%,4.44
marquee lettering,2,229,0.87%,6.39
reflective lettering,2,227,0.88%,7.31
church parking lot signs,2,227,0.88%,11.78
3 inch stencils,2,224,0.89%,6.46
outdoor letter board sign,2,223,0.9%,9.29
vinyl truck signs,2,223,0.9%,10.03
letters for signs outdoors,2,221,0.9%,8.02
letters for business signs,2,220,0.91%,9.57
bronze plaques custom,2,219,0.91%,9.92
dot stickers truck,2,218,0.92%,4.39
mugshot placard,2,215,0.93%,9.09
simpo sign ii,2,214,0.93%,6.17
3 inch letter stickers,2,211,0.95%,5.23
sign letters for sale,2,209,0.96%,11.22
4 inch reflective mailbox numbers,2,208,0.96%,4.05
yield to pedestrian sign,2,207,0.97%,21.51
a frame signs for business,2,205,0.98%,12.54
brass lettering,2,202,0.99%,14.82
changeable letter sign,2,201,1%,5.6
bronze lettering,2,200,1%,10.91
message center sign with posts,2,199,1.01%,9.63
fruit sign,2,198,1.01%,1.47
letter board menu,2,196,1.02%,9.03
letter signs for wall,2,195,1.03%,6.53
raised letter signs,2,195,1.03%,20.34
reflective mailbox numbers stickers,2,194,1.03%,5.01
marquee letter sign,2,194,1.03%,8.69
best mailbox numbers,2,191,1.05%,5.07
truck door signs,2,190,1.05%,9.85
letters and numbers for signs,2,189,1.06%,11.01
pvc letter,2,187,1.07%,3.82
entrance signs for business,2,187,1.07%,5.93
price sign board,2,184,1.09%,2.11
mailbox letter stickers,2,184,1.09%,12.54
3 inch vinyl letters,2,178,1.12%,4.79
custom wall letters,2,178,1.12%,7.99
commercial truck lettering,2,178,1.12%,12.56
12 inch stencils,2,176,1.14%,8.36
changeable letter marquee signs,2,174,1.15%,6.84
outdoor marquee letters,2,174,1.15%,7.06
dot magnets for trucks,2,174,1.15%,8.17
vinyl boat numbers,2,173,1.16%,6.84
changeable sign board,2,171,1.17%,8.25
strawberry signs,2,169,1.18%,3.01
acrylic letters near me,2,168,1.19%,11.04
12 letter stencils,2,167,1.2%,9.77
metal memorial plaques for outdoors,2,166,1.2%,5.88
storefront window lettering,2,164,1.22%,11.23
vinyl lettering for semi trucks,2,162,1.23%,1.21
watch your step stencil,2,158,1.27%,4.81
now hiring yard signs,2,158,1.27%,6
readerboard sign,2,158,1.27%,6.22
plastic lettering for signs,2,158,1.27%,19.63
marquee board letters,2,152,1.32%,5.95
36 inch letters,2,152,1.32%,7.05
custom marquee signs,2,152,1.32%,11.02
plastic arrow,2,151,1.32%,1.63
mugshot letter board,2,150,1.33%,3.25
enclosed bulletin board for outdoor use,2,150,1.33%,5.41
folding sidewalk sign,2,147,1.36%,8.97
aluminum letters for signs,2,144,1.39%,6.38
readerboard letters,2,144,1.39%,9.06
marquee letters font,2,144,1.39%,10.51
limited sight distance sign,2,143,1.4%,2.85
large letter stencils 12 inch,2,143,1.4%,4.62
movie theater marquee sign,2,143,1.4%,9.52
signs with changeable letters,2,142,1.41%,8.8
custom boat letters,2,138,1.45%,14.51
memorial plaques,2,137,1.46%,10.1
large vinyl letter stickers,2,135,1.48%,5.35
12 inch letters for wall,2,134,1.49%,4.49
decorative mailbox numbers,2,132,1.52%,3.7
custom parking stencils,2,132,1.52%,22.17
custom mylar stencil,2,131,1.53%,7.57
best boat name decals,2,131,1.53%,7.6
outdoor sign letters and numbers,2,128,1.56%,8.7
boat registration lettering,2,128,1.56%,13.27
dot vinyl stickers,2,127,1.57%,7.83
24 inch number stencils,2,127,1.57%,8.98
weatherproof outdoor bulletin board,2,126,1.59%,5.42
dot number stickers for trucks,2,125,1.6%,2.98
truck company decals,2,125,1.6%,10.1
commercial sign letters,2,125,1.6%,19.3
reflective mailbox stickers,2,122,1.64%,6.04
outdoor sign replacement panels,2,122,1.64%,7.55
vintage coca-cola menu board,2,121,1.65%,7.85
mugshot signs,2,120,1.67%,3.52
letters for menu board,2,117,1.71%,6.74
house number sticker,2,116,1.72%,6.77
bronze dedication plaque,2,116,1.72%,7.03
8 inch number stencils,2,116,1.72%,9.19
custom cast aluminum signs,2,114,1.75%,7.42
roadside signs for businesses,2,112,1.79%,6.61
concession stand menu board,2,112,1.79%,11.21
custom marquee,2,111,1.8%,7.06
vinyl dot numbers,2,111,1.8%,8.06
landscaping truck decals,2,110,1.82%,2.5
6 inch letters for outdoor signs,2,110,1.82%,2.72
tailgate lettering,2,110,1.82%,8.71
brass letters 1 inch,2,105,1.9%,1.78
portable signs for rent,2,105,1.9%,6.2
where to buy marquee letters,2,105,1.9%,9.43
1 inch number stickers,2,105,1.9%,9.87
3m reflective letters,2,104,1.92%,3.21
vintage coke menu board,2,102,1.96%,6.11
3d letters for outdoor sign,2,102,1.96%,12.57
usdot number decals,2,101,1.98%,7.9
wind resistant sidewalk sign,2,100,2%,9.7
aluminum letter signage,2,99,2.02%,1.97
6 inch vinyl letters,2,99,2.02%,4.76
marine lettering,2,99,2.02%,11.31
suction cup pole,2,98,2.04%,2.44
menu board with changeable letters,2,97,2.06%,10.65
fuel price signs,2,96,2.08%,13.22
6 stencil letters,2,94,2.13%,3.71
semi truck number decals,2,94,2.13%,4.7
1/2 inch letter stencils,2,94,2.13%,5.32
large letter stencils 24 inch,2,92,2.17%,2.63
farm truck door decals,2,90,2.22%,3.78
portable road signs,2,90,2.22%,11.08
bronze plaques for outdoors,2,89,2.25%,10.63
changeable copy signs,2,88,2.27%,7.39
acrylic marquee letters,2,87,2.3%,4.43
6 inch number stencils printable,2,86,2.33%,4.19
changeable outdoor sign letters,2,86,2.33%,7.35
large letter stickers for poster,2,86,2.33%,10.87
reflective letters for mailbox,2,85,2.35%,7.51
window address decals,2,83,2.41%,5.31
plastic alphabet letters big size,2,83,2.41%,9.7
marine registration numbers,2,81,2.47%,7.05
large commercial building address numbers,2,79,2.53%,1.89
retro letter board,2,78,2.56%,4.56
12 inch marquee letters,2,77,2.6%,2.82
5 inch number stencils printable,2,76,2.63%,1.28
metal church signs,2,75,2.67%,3.31
acrylic marquee numbers,2,75,2.67%,4.73
reflective vinyl numbers,2,74,2.7%,5.24
truck door logos,2,70,2.86%,2.99
decals for semi trucks near me,2,70,2.86%,6.29
marqee letters,2,69,2.9%,9.75
pvc letters for wall,2,68,2.94%,3.62
interlocking stencils,2,68,2.94%,10.1
8 inch vinyl letters,2,67,2.99%,2.16
pin mounted aluminum letters,2,67,2.99%,6.4
letter sidewalk sign,2,67,2.99%,7.58
marquee sign letters with lights,2,66,3.03%,9.21
firewood for sale sign ideas,2,65,3.08%,5.6
custom brass letters,2,65,3.08%,5.86
truck dot decals,2,65,3.08%,7.82
changeable sign track,2,64,3.12%,4.05
wagner zip,2,64,3.12%,4.3
marquee letters for sign,2,64,3.12%,4.42
sign on wheels,2,64,3.12%,5.5
changeable letter church signs,2,63,3.17%,7.41
number stickers for cars,2,62,3.23%,6.42
static cling numbers,2,61,3.28%,5.95
alphabetsigns.com,2,60,3.33%,1
3d marquee letters,2,60,3.33%,4.73
large letterboard,2,59,3.39%,5.86
custom stencil letters,2,59,3.39%,7.63
window cling numbers,2,58,3.45%,4.55
brass house letters,2,58,3.45%,5.9
marquee sign parts,2,58,3.45%,6.43
metal outdoor plaques,2,57,3.51%,3.95
7 inch letters,2,57,3.51%,4.46
commercial marquee sign,2,56,3.57%,7.95
custom letter stencil,2,55,3.64%,9.42
church signs with changeable letters,2,54,3.7%,3.72
boat registration decals custom,2,53,3.77%,10.85
illuminated marquee sign,2,50,4%,4.68
vinyl lettering fonts,2,49,4.08%,3.41
do not block stencil,2,49,4.08%,5.43
large acrylic letters for signs,2,48,4.17%,5.54
fleet number stickers,2,48,4.17%,5.81
large letters for outdoor signs,2,48,4.17%,7.88
purchase marquee letters,2,48,4.17%,12.1
911 house numbers,2,48,4.17%,12.92
pin mount letters,2,47,4.26%,2
peg letters,2,47,4.26%,5.91
truck height sticker,2,45,4.44%,3.8
gas station gas price sign,2,45,4.44%,8.36
wind jammer sign,2,44,4.55%,2.93
4 vinyl letters,2,44,4.55%,2.98
compact car parking sign,2,44,4.55%,10.98
menu board letters and numbers,2,43,4.65%,1.53
alphabet marquee letters,2,43,4.65%,4.63
8 inch vinyl number stickers,2,43,4.65%,5.95
4ft letter stencils,2,42,4.76%,3.02
changeable copy letters,2,42,4.76%,6.26
marine vinyl lettering,2,41,4.88%,10.32
12 inch plastic letters for outdoor signs,2,40,5%,1.85
"4"" metal letters",2,39,5.13%,3.49
custom reflective vinyl lettering,2,37,5.41%,6.3
letters for church marquee signs,2,36,5.56%,1.67
custom mugshot sign,2,36,5.56%,4.25
reflective vinyl mailbox numbers,2,36,5.56%,5.44
shuffleboard stencil kit,2,35,5.71%,11.8
mobile marquee,2,35,5.71%,15.43
replaceable letter signs,2,34,5.88%,11.38
replacement letters,2,33,6.06%,5.85
old school truck door decals,2,32,6.25%,4.62
parking lot striping stencils,2,32,6.25%,25.69
ghost lettering decals,2,30,6.67%,7.77
letters for marquee signs,2,30,6.67%,10.53
truck dot signs,2,27,7.41%,4.37
marine grade stickers,2,25,8%,7.12
sign board for sale,2,24,8.33%,9.79
mug shot letter board,2,23,8.7%,3.09
custom double sided window clings,2,20,10%,2.75
marquee road sign,2,18,11.11%,1.56
used outdoor signs for sale,2,16,12.5%,8.12
9 inch letters for outdoor signs,2,14,14.29%,2.93
24 inch stencil letters,2,14,14.29%,4.43
sign flasher,2,13,15.38%,15.92
portable message signs,2,13,15.38%,39.31
print reflective stickers,2,11,18.18%,11.82
vinyl house numbers for glass,2,4,50%,5.25
chalkboard sign,1,5429,0.02%,6.04
brass letters and numbers,1,4255,0.02%,5.65
chalk board sign,1,3735,0.03%,5.44
building number,1,3699,0.03%,6.97
lane ends sign,1,2572,0.04%,3.9
sandwich board sign,1,2293,0.04%,8.77
marquee board,1,1482,0.07%,10.03
yield ahead sign,1,1319,0.08%,9.24
changeable letter boards,1,1270,0.08%,15.46
parking signs custom,1,1207,0.08%,16.22
custom parking lot signs,1,1177,0.08%,12.13
vinyl letter stickers,1,1177,0.08%,16
mugshot board,1,1132,0.09%,6.47
lobby sign,1,1119,0.09%,10.41
a frame signs,1,1061,0.09%,22.68
wall lettering,1,1008,0.1%,11.1
custom parking sign,1,973,0.1%,12.1
a frame sidewalk signs,1,970,0.1%,11.2
custom metal parking signs,1,952,0.11%,8.11
roadside signs,1,941,0.11%,6.37
plastic formed letters,1,909,0.11%,20.23
merge left sign,1,878,0.11%,2.99
semi truck graphics,1,846,0.12%,10.19
sandwich signs,1,829,0.12%,7.91
landscaping yard signs,1,788,0.13%,5.91
pavement ends sign,1,761,0.13%,2.76
reflective house numbers,1,717,0.14%,14.14
a frame sandwich board,1,703,0.14%,9.52
van decals,1,682,0.15%,11.95
custom bronze plaques,1,677,0.15%,11.11
sign boards,1,655,0.15%,10.65
custom reflective stickers,1,623,0.16%,11.22
metal sign letters,1,621,0.16%,13.25
big letter stickers,1,592,0.17%,10.08
metal plaque custom,1,592,0.17%,11.5
letterboards,1,580,0.17%,6.29
farm stand sign,1,570,0.18%,4.84
metal letter signage,1,562,0.18%,8.2
board to put letters on,1,552,0.18%,5.25
metal letter signs,1,552,0.18%,8.8
stick on letters for signs,1,543,0.18%,9.01
individual letters,1,535,0.19%,2.3
chalk sign,1,528,0.19%,2.62
3 in letters,1,506,0.2%,8.98
bronze letters,1,506,0.2%,11.17
bold a,1,498,0.2%,1.3
menu sign,1,489,0.2%,8.28
numbers for mailboxes,1,484,0.21%,7.48
letter stickers large,1,480,0.21%,9.71
lettering for signs,1,476,0.21%,11.24
letters board,1,473,0.21%,5.1
reserved parking signs,1,466,0.21%,32.89
letters for outdoor signs,1,457,0.22%,8.49
brass signs,1,452,0.22%,8.74
boat lettering decals,1,448,0.22%,16.09
gas station price sign,1,438,0.23%,8.32
personalized parking signs,1,428,0.23%,12.18
large sticker letters,1,422,0.24%,8.67
contractor yard signs,1,420,0.24%,12.43
sign letters alphabet,1,418,0.24%,5.16
letters sign,1,417,0.24%,8.64
letters for mailbox,1,407,0.25%,6.59
boards with letters,1,396,0.25%,6.26
outdoor sandwich board signs,1,395,0.25%,5.23
felt letter boards,1,392,0.26%,7.43
lighted marquee signs,1,390,0.26%,4.13
letterboard sign,1,389,0.26%,4.19
boat number decals,1,385,0.26%,13.17
customized parking signs,1,379,0.26%,13.07
tow away sign,1,376,0.27%,1.98
stock signs,1,376,0.27%,4.31
peel and stick letters,1,374,0.27%,8.73
custom rear window decal,1,373,0.27%,8.83
custom foam letters,1,368,0.27%,7.85
custom back window decals,1,358,0.28%,8.75
sandwhich boards,1,357,0.28%,12.82
reflective address signs,1,357,0.28%,22.02
personalized outdoor plaques,1,355,0.28%,15.35
lettering signs,1,347,0.29%,14.69
boat registration letters,1,345,0.29%,11.44
roofing sign,1,344,0.29%,3.35
lettering signage,1,343,0.29%,11.81
tow signs,1,340,0.29%,1.72
3 inch letters,1,335,0.3%,5.88
decal number on car,1,333,0.3%,7.18
farmstand sign,1,332,0.3%,4.94
big sticker letters,1,327,0.31%,11.19
rear window graphics,1,324,0.31%,31.51
sandwhich board sign,1,320,0.31%,8.27
a frame advertising board,1,319,0.31%,7.85
board letter,1,319,0.31%,7.87
4 inch letters,1,318,0.31%,5.47
copper letters,1,318,0.31%,13.12
portable signage,1,315,0.32%,5.81
price signs,1,312,0.32%,9.93
theater marquee sign,1,310,0.32%,9.71
cast bronze plaque,1,310,0.32%,10.55
parking only sign,1,309,0.32%,8.66
flashing arrow sign,1,307,0.33%,8.54
4 inch letter stencils,1,305,0.33%,3.56
trajan bold,1,298,0.34%,9.57
enter only sign,1,296,0.34%,3.75
business hours sign for window,1,293,0.34%,10.57
lane end sign,1,286,0.35%,1.17
store hours sign,1,284,0.35%,9.17
parking lot signs custom,1,280,0.36%,11.32
vinyl letters for boats,1,278,0.36%,12.05
no outlet,1,277,0.36%,5.36
peel and stick letters for outdoor signs,1,276,0.36%,9.81
business van decals,1,275,0.36%,15.45
storefront window decals,1,275,0.36%,15.5
acrylic signage letters,1,271,0.37%,17.37
business lettering,1,270,0.37%,11.97
reflective numbers and letters,1,267,0.37%,11.79
sandwich board frame,1,266,0.38%,9.27
2 inch stencils,1,265,0.38%,5.58
eurostile bold extended,1,261,0.38%,5.59
pavement stencil,1,261,0.38%,8.55
truck decals custom,1,255,0.39%,12.1
product,1,254,0.39%,1
cl boat registration,1,253,0.4%,11.78
12 inch number stencils,1,249,0.4%,8.98
letter menu board,1,247,0.4%,8.71
business sign letters,1,247,0.4%,11.46
adhesive mailbox numbers,1,244,0.41%,7.89
school marquee signs,1,243,0.41%,5.54
boat name decal,1,243,0.41%,9.96
acrylic letter,1,238,0.42%,8.3
adhesive letters and numbers,1,238,0.42%,19.62
outdoor lettering,1,237,0.42%,19.86
illuminated letter sign,1,236,0.42%,8.45
school marquee sign,1,234,0.43%,6.31
12 inch letters,1,233,0.43%,7.98
sandwhich board signs,1,232,0.43%,6.73
6 inch letters,1,231,0.43%,3.97
4 inch stencil letters,1,231,0.43%,5.03
waterproof sign board,1,231,0.43%,6.44
outdoor a frame signs,1,231,0.43%,10.66
short arrow,1,230,0.43%,2.66
custom letters for wall,1,230,0.43%,7.57
personalized parking spot signs,1,230,0.43%,15.1
vinyl lettering for boats,1,228,0.44%,11.72
changeable business hours sign,1,226,0.44%,7.05
window decals for business,1,226,0.44%,50.33
6 inch stencil letters,1,225,0.44%,4.26
large menu board,1,224,0.45%,7.82
marqee sign,1,223,0.45%,3.02
metal letters for wall 12 inch,1,223,0.45%,4.07
8 inch letter stencils,1,222,0.45%,6.83
portable billboard signs,1,218,0.46%,4.38
dot magnetic signs,1,217,0.46%,7.45
4 inch reflective house numbers,1,216,0.46%,3.74
custom truck door decals,1,214,0.47%,13
acrylic lettering,1,213,0.47%,10.07
a-frame sign,1,213,0.47%,20.84
roofing signs,1,212,0.47%,2.75
department of transportation stickers,1,211,0.47%,10.64
outdoor plaques,1,211,0.47%,15.44
portable business signs,1,210,0.48%,5.96
large acrylic letters,1,210,0.48%,10.31
marquise sign,1,208,0.48%,5.24
mail box letters,1,208,0.48%,6.64
plastic arrows,1,207,0.48%,2.96
van decal,1,205,0.49%,7.19
adhesive house numbers,1,205,0.49%,10.3
sidewalk signs for businesses,1,205,0.49%,13.07
8 inch letters,1,204,0.49%,5.67
metal letters for outside,1,204,0.49%,8.47
letter board large,1,204,0.49%,14.52
a frame sign boards,1,203,0.49%,6.4
diy letter board,1,200,0.5%,9.78
metal letters signage,1,199,0.5%,9.82
truck door decals near me,1,198,0.51%,10.99
6 in letters,1,197,0.51%,6.34
custom reflective stickers for cars,1,197,0.51%,10.12
enclosed letter board,1,196,0.51%,8.54
house numbers stickers,1,195,0.51%,6.63
2 inch stencil letters,1,194,0.52%,5.46
business truck decals,1,194,0.52%,9.15
arrow stencil for parking lot,1,193,0.52%,19.69
bread sign,1,192,0.52%,2.12
boat registration number decals,1,191,0.52%,11.41
gemini lettering,1,189,0.53%,8.49
abc signs,1,189,0.53%,12.08
chalk sign board,1,187,0.53%,3.56
outdoor bulletin board with posts,1,186,0.54%,9.59
1 inch stencils,1,184,0.54%,4.95
outdoor changeable signs for business,1,184,0.54%,6.53
road side signs,1,183,0.55%,2.96
flat cut acrylic letters,1,183,0.55%,8.22
boat registration vinyl,1,183,0.55%,12.93
sign boards prices,1,182,0.55%,6.8
vintage letter board,1,180,0.56%,1.96
mailbox number stickers reflective,1,177,0.56%,5.14
changeable signs,1,177,0.56%,11.31
letters and signs,1,176,0.57%,9.09
going out of business signs,1,175,0.57%,5.64
hopscotch dimensions,1,174,0.57%,1.68
portable business sign,1,174,0.57%,5.63
letter peg board,1,174,0.57%,7.06
sandwich board signs with changeable letters,1,173,0.58%,8.47
metal letters outdoor,1,173,0.58%,10.54
letter storage,1,172,0.58%,4.91
mugshot holding sign,1,172,0.58%,5.81
truck rear window decals custom,1,172,0.58%,10.88
truck lettering decals,1,172,0.58%,13.65
letters for felt board,1,170,0.59%,4.51
small marquee sign,1,170,0.59%,5.26
sign letters outdoor,1,170,0.59%,7.79
tailgate stickers for trucks,1,170,0.59%,8.82
marque signs,1,169,0.59%,3.06
lighted marquee sign,1,169,0.59%,3.3
low shoulder sign meaning,1,169,0.59%,5.96
outside bulletin boards,1,168,0.6%,7.7
helvetica letters,1,168,0.6%,10.67
pricing signs,1,167,0.6%,4.4
menu letter boards,1,167,0.6%,7.97
felt sign board,1,166,0.6%,5.05
4 inch stencils,1,166,0.6%,5.82
large stick on letters,1,163,0.61%,5.63
3 vinyl letters,1,162,0.62%,4.32
6 inch vinyl number stickers,1,161,0.62%,8.2
6 in block letters,1,159,0.63%,7.52
letters for marquee sign,1,158,0.63%,4.82
apartment parking signs,1,157,0.64%,9.24
aluminum letter,1,156,0.64%,3.36
vinyl sign letters,1,156,0.64%,11.44
3 inch boat letters and numbers,1,153,0.65%,8.6
tactile exit signs,1,153,0.65%,8.72
custom back glass decals,1,153,0.65%,9.05
roofing company yard signs,1,152,0.66%,3.07
plastic number stencils,1,152,0.66%,5.88
where to get boat registration stickers,1,152,0.66%,9.16
custom letter stencils,1,152,0.66%,9.62
semi lettering,1,151,0.66%,2.12
letter bord,1,150,0.67%,7.33
2 inch reflective mailbox numbers,1,150,0.67%,8.41
menu board sign,1,150,0.67%,10.37
tabbee,1,149,0.67%,3.09
coke menu board,1,149,0.67%,6.51
alabama boat registration numbers,1,149,0.67%,7.81
baked goods sign,1,148,0.68%,5.64
raised letters,1,148,0.68%,6.47
4 inch metal letters,1,145,0.69%,3.71
reflective address numbers,1,145,0.69%,19.34
logo decals for trucks,1,144,0.69%,11.83
bronze memorial plaque,1,143,0.7%,11.06
custom trailer decals,1,143,0.7%,20.5
10 inch stencil letters,1,142,0.7%,4.8
customizable letter board,1,142,0.7%,4.84
boat registration numbers and letters,1,142,0.7%,9.23
metal wall letters,1,142,0.7%,9.82
company decals for trucks,1,141,0.71%,10.55
24 inch letters,1,140,0.71%,3.62
alphabet letter board,1,140,0.71%,7.92
marquee signs for churches,1,140,0.71%,9.36
5 inch letters,1,139,0.72%,7.02
round yard signs,1,138,0.72%,10.3
3d letter signs,1,138,0.72%,24.1
marqui sign,1,137,0.73%,4.04
exterior bulletin board,1,136,0.74%,6.97
sticker letters large,1,136,0.74%,8.9
ca number,1,135,0.74%,12.76
4 inch vinyl letters,1,134,0.75%,3.16
microgramma bold,1,134,0.75%,7.11
house numbers for mailbox,1,134,0.75%,8.79
plastic numbers for signs,1,134,0.75%,9.41
vintage menu board,1,133,0.75%,11.09
portable advertising signs,1,132,0.76%,4.02
sign letter track,1,132,0.76%,14.69
truck door decal,1,131,0.76%,6.52
aluminum no parking signs,1,131,0.76%,10.85
cast bronze plaques,1,131,0.76%,10.97
aluminium letters,1,131,0.76%,20
numbers for a mailbox,1,128,0.78%,6.71
w4-3 sign,1,127,0.79%,3.86
large letters for signs,1,127,0.79%,12.87
large letter stencils,1,127,0.79%,24.76
windpro heavy duty snap edge sign,1,126,0.79%,6.37
sign with interchangeable letters,1,126,0.79%,8.35
cheap sandwich board signs,1,126,0.79%,8.84
small plastic letters,1,126,0.79%,9.13
1 inch stencil letters,1,125,0.8%,5.39
whiteboard sign,1,124,0.81%,7.02
arkansas boat registration sticker placement,1,124,0.81%,10.83
what numbers go on the side of a boat,1,123,0.81%,4.89
window cling letters,1,123,0.81%,5.22
letters to make signs,1,123,0.81%,13.25
pvc lettering,1,122,0.82%,2.43
door number stickers,1,122,0.82%,4.98
mailbox letter,1,122,0.82%,9.55
outdoor vinyl lettering,1,122,0.82%,11.7
signletters,1,120,0.83%,8.77
light up signs with letters,1,117,0.85%,11.61
roadside signs for business,1,116,0.86%,10.29
boat lettering fonts,1,115,0.87%,7.91
street sign letters,1,115,0.87%,8.98
vinyl boat decals,1,115,0.87%,20.17
letters for boards,1,114,0.88%,6.55
custom canvas banner printing,1,114,0.88%,11.13
office sign with arrow,1,114,0.88%,24.27
custom semi truck decals,1,113,0.88%,6.52
vehicle height stickers,1,112,0.89%,3.47
acrylic letter sign,1,112,0.89%,10.87
vinyl lettering for glass,1,112,0.89%,16.71
large adhesive letters,1,111,0.9%,5.18
building marquee sign,1,111,0.9%,8.12
custom bronze memorial plaques,1,111,0.9%,9.04
detour to the right sign,1,110,0.91%,1.45
2 inch vinyl letters,1,110,0.91%,4.39
dot decal,1,110,0.91%,5.44
small brass letters,1,110,0.91%,6.99
custom letter boards,1,109,0.92%,9.89
outdoor letter board signs,1,109,0.92%,10.39
letters for boat registration,1,109,0.92%,10.49
cheap vinyl lettering,1,108,0.93%,18.06
lettering for boats,1,108,0.93%,18.52
3 inch number stickers,1,107,0.93%,11.91
light up sign with letters,1,107,0.93%,12.57
4 inch vinyl letters and numbers,1,106,0.94%,3.94
slow pedestrian crossing sign,1,106,0.94%,10.71
magnetic dot numbers,1,105,0.95%,5.47
2 stencil letters,1,104,0.96%,6.1
etched metal plaques,1,104,0.96%,9.74
custom truck signs,1,104,0.96%,10.66
price boards,1,103,0.97%,4.31
10 inch stencils,1,103,0.97%,4.77
outdoor sign with changeable letters,1,103,0.97%,7.04
custom decals for trucks,1,103,0.97%,22.25
a frame sign with changeable letters,1,102,0.98%,3.47
24x72 banner stand,1,102,0.98%,4.6
3 inch reflective numbers,1,102,0.98%,4.69
letter changer pole,1,102,0.98%,7.68
boat numbers decals,1,102,0.98%,9.17
changeable outdoor signs,1,101,0.99%,6.26
sign letters online,1,101,0.99%,10
signs for trucks,1,101,0.99%,11.01
letter stencils small,1,99,1.01%,7.88
acrylic wall letters,1,98,1.02%,8.52
work truck decals,1,98,1.02%,9.18
mugshot plaque,1,97,1.03%,3.39
window numbers,1,97,1.03%,3.61
large peel and stick letters,1,97,1.03%,3.89
marquee light up sign,1,97,1.03%,4.49
3 inch boat registration numbers,1,97,1.03%,7.41